{
  "title": "Image Hotspot Question Editor",
  "majorVersion": 1,
  "minorVersion": 8,
  "patchVersion": 10,
  "runnable": 0,
  "author": "Joubel",
  "coreApi": {
    "majorVersion": 1,
    "minorVersion": 12
  },
  "machineName": "H5PEditor.ImageHotspotQuestion",
  "preloadedJs": [
    {
      "path": "image-hotspot-question-editor.js"
    }
  ],
  "preloadedCss": [
    {
      "path": "image-hotspot-question-editor.css"
    }
  ],
  "preloadedDependencies": [
    {
      "machineName": "H5P.DragNBar",
      "majorVersion": 1,
      "minorVersion": 5
    },
    {
      "machineName": "H5P.DragNResize",
      "majorVersion": 1,
      "minorVersion": 2
    },
    {
      "machineName": "H5P.ImageHotspotQuestion",
      "majorVersion": 1,
      "minorVersion": 8
    }
  ]
}