{
  "machineName": "H5P.IVHotspot",
  "title": "Navigation Hotspot",
  "license": "MIT",
  "author": "Joubel",
  "majorVersion": 1,
  "minorVersion": 2,
  "patchVersion": 12,
  "runnable": 0,
  "metadataSettings": {
    "disable": 1,
    "disableExtraTitleField": 1
  },
  "coreApi": {
    "majorVersion": 1,
    "minorVersion": 6
  },
  "preloadedJs": [
    {
      "path": "scripts/iv-hotspot.js"
    }
  ],
  "preloadedCss": [
    {
      "path": "styles/iv-hotspot.css"
    }
  ],
  "preloadedDependencies": [
    {
      "machineName": "H5P.Link",
      "majorVersion": 1,
      "minorVersion": 3
    }
  ],
  "editorDependencies": [
    {
      "machineName": "H5PEditor.Timecode",
      "majorVersion": 1,
      "minorVersion": 2
    },
    {
      "machineName": "H5PEditor.ColorSelector",
      "majorVersion": 1,
      "minorVersion": 2
    },
    {
      "machineName": "H5PEditor.UrlField",
      "majorVersion": 1,
      "minorVersion": 2
    },
    {
      "machineName": "H5PEditor.SelectToggleFields",
      "majorVersion": 1,
      "minorVersion": 1
    },
    {
      "machineName": "H5PEditor.ShowWhen",
      "majorVersion": 1,
      "minorVersion": 0
    }
  ]
}