{
  "title": "Interactive Book",
  "description": "An interactive book which displays content in pages and sections",
  "majorVersion": 1,
  "minorVersion": 3,
  "patchVersion": 1,
  "runnable": 1,
  "fullscreen": 1,
  "author": "Joubel",
  "license": "MIT",
  "machineName": "H5P.InteractiveBook",
  "embedTypes": [
    "iframe"
  ],
  "preloadedJs": [
    {
      "path": "dist/h5p-interactive-book.js"
    }
  ],
  "preloadedDependencies": [
    {
      "machineName": "FontAwesome",
      "majorVersion": 4,
      "minorVersion": 5
    },
    {
      "machineName": "H5P.Column",
      "majorVersion": 1,
      "minorVersion": 13
    },
    {
      "machineName": "H5P.JoubelUI",
      "majorVersion": 1,
      "minorVersion": 3
    }
  ],
  "editorDependencies": [
    {
      "machineName": "H5PEditor.VerticalTabs",
      "majorVersion": 1,
      "minorVersion": 3
    },
    {
      "machineName": "H5PEditor.ShowWhen",
      "majorVersion": 1,
      "minorVersion": 0
    }
  ]
}